tau,z
0,30
1,40.07314472
2,31.15726888
3,25.07353947
4,0.119977185
5,9.766260089
